id,Food_Item,Category,Calories (kcal),Protein (g),Carbohydrates (g),Fat (g),Fiber (g),Sugars (g),Sodium (mg),Cholesterol (mg),Meal_Type,Water_Intake (ml)
0,Scrambled Eggs (2 large),Protein/Dairy,180,12.0,2.0,14.0,0.0,1.0,180,370,Breakfast,250
1,Whole Wheat Toast (1 slice),Grain,80,4.0,14.0,1.0,2.0,2.0,140,0,Breakfast,0
2,Coffee (black),Beverage,5,0.3,0.0,0.1,0.0,0.0,5,0,Breakfast,0
3,Banana,Fruit,105,1.3,27.0,0.4,3.1,14.0,1,0,Breakfast,0
4,Grilled Chicken Salad,Meal/Protein,350,30.0,10.0,20.0,5.0,4.0,400,80,Lunch,500
5,Apple,Fruit,95,0.5,25.0,0.3,4.4,19.0,2,0,Snack,0
6,Salmon (4oz grilled),Protein/Fish,230,25.0,0.0,14.0,0.0,0.0,60,60,Dinner,250
7,Quinoa (1 cup cooked),Grain,222,8.0,39.0,3.6,5.0,1.0,13,0,Dinner,0
8,Steamed Broccoli (1 cup),Vegetable,55,3.7,11.2,0.6,5.1,2.0,40,0,Dinner,0
9,Greek Yogurt (plain 1 cup),Dairy,150,25.0,8.0,3.0,0.0,7.0,85,10,Snack,250
10,Oatmeal (1 cup cooked),Grain,160,6.0,28.0,3.0,4.0,1.0,2,0,Breakfast,250
11,Blueberries (1/2 cup),Fruit,42,0.5,11.0,0.2,1.8,7.0,1,0,Breakfast,0
12,Almonds (1 oz),Nut,164,6.0,6.0,14.0,3.5,1.0,1,0,Snack,0
13,Turkey Sandwich (on wheat),Meal/Processed,340,22.0,34.0,12.0,5.0,6.0,850,50,Lunch,500
14,Carrot Sticks (1 cup),Vegetable,52,1.2,12.3,0.3,3.6,6.0,88,0,Snack,0
15,Spaghetti Bolognese,Meal/Pasta,460,20.0,55.0,18.0,6.0,10.0,700,50,Dinner,250
16,Side Salad (light dressing),Vegetable,70,2.0,8.0,4.0,3.0,3.0,150,0,Dinner,0
17,Protein Shake (Whey),Supplement,120,24.0,3.0,1.0,1.0,2.0,160,5,Snack,500
18,Cereal (Frosted Flakes 1 cup),Grain/Processed,130,2.0,31.0,0.0,1.0,11.0,190,0,Breakfast,0
19,Milk (2 1 cup),Dairy,122,8.0,12.0,5.0,0.0,12.0,100,20,Breakfast,0
20,Lentil Soup (1 can),Meal/Legume,230,15.0,35.0,3.0,12.0,6.0,650,0,Lunch,250
21,White Rice (1 cup cooked),Grain,204,4.2,44.5,0.4,0.6,0.1,2,0,Dinner,0
22,Tofu Stir-fry,Meal/Vegetarian,400,18.0,30.0,22.0,7.0,9.0,500,0,Dinner,250
23,Orange,Fruit,62,1.2,15.4,0.2,3.1,12.0,0,0,Snack,0
24,Bagel (plain),Grain,270,11.0,55.0,1.5,2.0,5.0,430,0,Breakfast,250
25,Cream Cheese (2 tbsp),Dairy,100,2.0,2.0,10.0,0.0,1.0,90,30,Breakfast,0
26,Tuna Salad (1/2 cup),Meal/Fish,190,19.0,2.0,12.0,1.0,1.0,400,30,Lunch,500
27,Crackers (5 whole wheat),Grain/Processed,90,2.0,14.0,3.0,2.0,0.0,180,0,Lunch,0
28,Beef Steak (6oz sirloin),Protein/Meat,270,42.0,0.0,10.0,0.0,0.0,90,115,Dinner,250
29,Baked Potato (medium),Vegetable,160,4.3,36.0,0.2,3.8,1.0,17,0,Dinner,0
30,Ice Cream (1/2 cup vanilla),Dairy/Dessert,145,2.5,17.0,7.5,0.5,16.0,55,30,Snack,0
31,Pizza (1 slice pepperoni),Meal/Processed,290,12.0,34.0,12.0,2.0,4.0,720,35,Dinner,250
32,Avocado Toast (1 slice),Meal/Vegetarian,260,7.0,28.0,15.0,10.0,1.0,350,0,Breakfast,500
33,Hard-Boiled Egg (1 large),Protein,78,6.3,0.6,5.3,0.0,0.5,62,187,Snack,0
34,Chicken Wrap (with tortilla),Meal/Processed,410,25.0,38.0,17.0,5.0,3.0,780,60,Lunch,250
35,Grapes (1 cup),Fruit,104,1.1,27.0,0.2,1.4,23.0,3,0,Snack,0
36,Cottage Cheese (1/2 cup),Dairy,90,12.0,5.0,3.0,0.0,4.0,400,10,Snack,0
37,Burger (cheeseburger),Meal/Processed,550,30.0,40.0,30.0,3.0,7.0,1100,90,Dinner,500
38,French Fries (medium),Vegetable/Processed,340,4.0,44.0,17.0,4.0,0.3,230,0,Dinner,0
39,Protein Bar,Supplement/Processed,210,20.0,22.0,7.0,6.0,1.0,180,5,Snack,500
40,Black Beans (1/2 cup),Legume,114,7.6,20.4,0.5,7.5,0.3,1,0,Lunch,0
41,Salsa (1/4 cup),Vegetable,20,0.8,4.5,0.1,1.0,3.0,250,0,Lunch,0
42,Chicken Noodle Soup (1 can),Meal/Processed,150,7.0,18.0,5.0,2.0,2.0,890,15,Lunch,250
43,Peanut Butter (2 tbsp),Nut,190,7.0,8.0,16.0,2.0,3.0,140,0,Snack,0
44,Celery Sticks (1 cup),Vegetable,14,0.6,3.0,0.2,1.4,1.2,77,0,Snack,0
45,Cod (4oz baked),Protein/Fish,95,20.0,0.0,0.8,0.0,0.0,95,55,Dinner,250
46,Green Beans (1 cup),Vegetable,31,1.8,7.0,0.2,2.7,3.3,6,0,Dinner,0
47,Chocolate Chip Cookie (1 large),Dessert,220,2.5,30.0,11.0,1.5,19.0,160,20,Snack,0
48,Tea (Green 1 cup),Beverage,2,0.5,0.0,0.0,0.0,0.0,2,0,Breakfast,250
49,Shrimp (3oz steamed),Protein/Fish,84,20.0,0.2,0.2,0.0,0.0,100,161,Dinner,250
50,Pancakes (2 medium),Grain,180,5.0,30.0,5.0,1.0,6.0,450,25,Breakfast,0
51,Maple Syrup (2 tbsp),Condiment,104,0.0,27.0,0.0,0.0,24.0,2,0,Breakfast,0
52,Sausage Link (1 cooked),Protein/Meat,85,5.0,1.0,7.0,0.0,0.5,300,20,Breakfast,0
53,Smoothie (Fruit & Yogurt),Beverage/Meal,280,12.0,55.0,3.0,7.0,40.0,70,5,Breakfast,250
54,Tofu (4oz firm),Protein/Vegetarian,90,10.0,3.0,5.0,2.0,1.0,10,0,Lunch,0
55,Brown Rice (1 cup cooked),Grain,215,5.0,45.0,1.8,3.5,0.4,10,0,Lunch,0
56,Bell Pepper (1 medium red),Vegetable,31,1.2,6.0,0.3,2.1,4.2,4,0,Lunch,0
57,Hummus (2 tbsp),Legume,70,2.0,4.0,5.0,2.0,0.0,130,0,Snack,0
58,Pita Bread (1 whole wheat),Grain,170,6.0,35.0,1.5,5.0,2.0,320,0,Snack,0
59,Pork Chop (4oz grilled),Protein/Meat,220,30.0,0.0,10.0,0.0,0.0,70,85,Dinner,250
60,Mashed Potatoes (1 cup),Vegetable,230,4.0,35.0,8.0,3.0,2.0,350,15,Dinner,0
61,Corn (1 cup),Vegetable,132,4.7,30.0,1.8,3.6,8.9,2,0,Dinner,0
62,Soda (1 can Coke),Beverage,140,0.0,39.0,0.0,0.0,39.0,45,0,Snack,355
63,Pretzels (1 oz),Grain/Processed,110,3.0,23.0,1.0,1.0,1.0,450,0,Snack,0
64,Cheddar Cheese (1 oz),Dairy,115,7.0,1.0,9.5,0.0,0.5,180,30,Snack,0
65,Caesar Salad (with chicken),Meal/Protein,470,30.0,15.0,30.0,3.0,3.0,890,75,Lunch,250
66,Orange Juice (1 cup),Beverage,112,1.7,25.8,0.5,0.7,20.8,2,0,Breakfast,240
67,Bacon (2 slices cooked),Protein/Meat,86,6.0,0.2,6.8,0.0,0.1,330,18,Breakfast,0
68,Waffles (2 homemade),Grain,220,6.0,28.0,9.0,1.5,3.0,420,45,Breakfast,0
69,Pear,Fruit,101,0.6,27.0,0.2,5.5,16.0,2,0,Snack,0
70,Chicken Breast (4oz roasted),Protein/Meat,185,35.0,0.0,4.0,0.0,0.0,80,95,Lunch,500
71,Mixed Nuts (1/4 cup),Nut,200,6.0,8.0,18.0,3.0,2.0,1,0,Snack,0
72,Tilapia (4oz baked),Protein/Fish,110,22.0,0.0,2.5,0.0,0.0,50,50,Dinner,0
73,Asparagus (1 cup steamed),Vegetable,40,4.3,7.4,0.4,3.6,3.5,4,0,Dinner,0
74,Sweet Potato (1 medium baked),Vegetable,103,2.3,23.6,0.2,3.8,7.4,41,0,Dinner,0
75,Popcorn (3 cups air-popped),Grain,93,3.0,18.6,1.1,3.6,0.1,2,0,Snack,250
76,Raisins (1/4 cup),Fruit,130,1.3,34.0,0.2,1.6,25.0,5,0,Snack,0
77,Macaroni & Cheese (1 cup),Meal/Pasta,350,10.0,40.0,17.0,2.0,5.0,750,40,Lunch,250
78,Tomato Soup (1 can),Meal/Vegetable,170,4.0,25.0,6.0,4.0,15.0,900,10,Lunch,0
79,Grilled Cheese Sandwich,Meal/Processed,390,15.0,32.0,22.0,3.0,4.0,800,60,Lunch,0
80,Beef Tacos (2 hard shell),Meal/Meat,380,18.0,28.0,22.0,5.0,3.0,600,50,Dinner,500
81,Refried Beans (1/2 cup),Legume,115,7.0,19.0,1.0,6.0,1.0,480,0,Dinner,0
82,Guacamole (1/4 cup),Vegetable/Condiment,90,1.0,4.0,8.0,3.0,0.5,120,0,Dinner,0
83,Watermelon (1 cup diced),Fruit,46,0.9,11.5,0.2,0.6,9.4,2,0,Snack,0
84,English Muffin (whole wheat),Grain,134,6.0,26.0,1.0,4.4,1.0,210,0,Breakfast,250
85,Peanut Butter & Jelly Sandwich,Meal/Processed,390,12.0,50.0,17.0,5.0,20.0,450,0,Lunch,250
86,Clam Chowder (1 cup),Meal/Seafood,200,10.0,18.0,9.0,1.0,2.0,870,30,Lunch,0
87,Iced Tea (Sweetened 16oz),Beverage,180,0.0,46.0,0.0,0.0,46.0,15,0,Snack,500
88,Lasagna (1 serving meat),Meal/Pasta,350,20.0,30.0,17.0,4.0,7.0,850,55,Dinner,250
89,Garlic Bread (1 slice),Grain,150,4.0,18.0,7.0,1.0,1.0,310,0,Dinner,0
90,Chocolate Milk (1 cup),Beverage/Dairy,200,8.0,26.0,8.0,1.0,24.0,160,30,Snack,0
91,White Bread (1 slice),Grain,70,2.0,13.0,1.0,0.6,1.2,140,0,Breakfast,0
92,Jelly (1 tbsp grape),Condiment,50,0.0,13.0,0.0,0.1,12.0,5,0,Breakfast,0
93,Veggie Burger (1 patty),Protein/Vegetarian,120,11.0,10.0,4.0,5.0,1.0,350,0,Lunch,250
94,Bun (hamburger),Grain,140,4.0,26.0,2.0,1.0,4.0,260,0,Lunch,0
95,Ketchup (1 tbsp),Condiment,20,0.2,5.0,0.1,0.2,4.0,160,0,Lunch,0
96,Muffin (Blueberry 1 large),Grain/Dessert,380,5.0,55.0,16.0,2.0,30.0,350,50,Breakfast,250
97,Coffee (with cream/sugar),Beverage,50,0.5,5.0,3.0,0.0,4.5,10,10,Breakfast,250
98,Potato Chips (1 oz),Snack/Processed,160,2.0,15.0,10.0,1.0,0.5,170,0,Snack,0
99,Tzatziki Sauce (2 tbsp),Condiment/Dairy,30,1.5,2.0,2.0,0.0,1.5,100,5,Dinner,0
100,Pancakes (2 medium),Grain,180,5.0,30.0,5.0,1.0,6.0,450,25,Breakfast,0
101,Maple Syrup (2 tbsp),Condiment,104,0.0,27.0,0.0,0.0,24.0,2,0,Breakfast,0
102,Sausage Link (1 cooked),Protein/Meat,85,5.0,1.0,7.0,0.0,0.5,300,20,Breakfast,0
103,Smoothie (Fruit & Yogurt),Beverage/Meal,280,12.0,55.0,3.0,7.0,40.0,70,5,Breakfast,250
104,Tofu (4oz firm),Protein/Vegetarian,90,10.0,3.0,5.0,2.0,1.0,10,0,Lunch,0
105,Brown Rice (1 cup cooked),Grain,215,5.0,45.0,1.8,3.5,0.4,10,0,Lunch,0
106,Bell Pepper (1 medium red),Vegetable,31,1.2,6.0,0.3,2.1,4.2,4,0,Lunch,0
107,Hummus (2 tbsp),Legume,70,2.0,4.0,5.0,2.0,0.0,130,0,Snack,0
108,Pita Bread (1 whole wheat),Grain,170,6.0,35.0,1.5,5.0,2.0,320,0,Snack,0
109,Pork Chop (4oz grilled),Protein/Meat,220,30.0,0.0,10.0,0.0,0.0,70,85,Dinner,250
110,Mashed Potatoes (1 cup),Vegetable,230,4.0,35.0,8.0,3.0,2.0,350,15,Dinner,0
111,Corn (1 cup),Vegetable,132,4.7,30.0,1.8,3.6,8.9,2,0,Dinner,0
112,Soda (1 can Coke),Beverage,140,0.0,39.0,0.0,0.0,39.0,45,0,Snack,355
113,Pretzels (1 oz),Grain/Processed,110,3.0,23.0,1.0,1.0,1.0,450,0,Snack,0
114,Cheddar Cheese (1 oz),Dairy,115,7.0,1.0,9.5,0.0,0.5,180,30,Snack,0
115,Caesar Salad (with chicken),Meal/Protein,470,30.0,15.0,30.0,3.0,3.0,890,75,Lunch,250
116,Orange Juice (1 cup),Beverage,112,1.7,25.8,0.5,0.7,20.8,2,0,Breakfast,240
117,Bacon (2 slices cooked),Protein/Meat,86,6.0,0.2,6.8,0.0,0.1,330,18,Breakfast,0
118,Waffles (2 homemade),Grain,220,6.0,28.0,9.0,1.5,3.0,420,45,Breakfast,0
119,Pear,Fruit,101,0.6,27.0,0.2,5.5,16.0,2,0,Snack,0
120,Chicken Breast (4oz roasted),Protein/Meat,185,35.0,0.0,4.0,0.0,0.0,80,95,Lunch,500
121,Mixed Nuts (1/4 cup),Nut,200,6.0,8.0,18.0,3.0,2.0,1,0,Snack,0
122,Tilapia (4oz baked),Protein/Fish,110,22.0,0.0,2.5,0.0,0.0,50,50,Dinner,0
123,Asparagus (1 cup steamed),Vegetable,40,4.3,7.4,0.4,3.6,3.5,4,0,Dinner,0
124,Sweet Potato (1 medium baked),Vegetable,103,2.3,23.6,0.2,3.8,7.4,41,0,Dinner,0
125,Popcorn (3 cups air-popped),Grain,93,3.0,18.6,1.1,3.6,0.1,2,0,Snack,250
126,Raisins (1/4 cup),Fruit,130,1.3,34.0,0.2,1.6,25.0,5,0,Snack,0
127,Macaroni & Cheese (1 cup),Meal/Pasta,350,10.0,40.0,17.0,2.0,5.0,750,40,Lunch,250
128,Tomato Soup (1 can),Meal/Vegetable,170,4.0,25.0,6.0,4.0,15.0,900,10,Lunch,0
129,Grilled Cheese Sandwich,Meal/Processed,390,15.0,32.0,22.0,3.0,4.0,800,60,Lunch,0
130,Beef Tacos (2 hard shell),Meal/Meat,380,18.0,28.0,22.0,5.0,3.0,600,50,Dinner,500
131,Refried Beans (1/2 cup),Legume,115,7.0,19.0,1.0,6.0,1.0,480,0,Dinner,0
132,Guacamole (1/4 cup),Vegetable/Condiment,90,1.0,4.0,8.0,3.0,0.5,120,0,Dinner,0
133,Watermelon (1 cup diced),Fruit,46,0.9,11.5,0.2,0.6,9.4,2,0,Snack,0
134,English Muffin (whole wheat),Grain,134,6.0,26.0,1.0,4.4,1.0,210,0,Breakfast,250
135,Peanut Butter & Jelly Sandwich,Meal/Processed,390,12.0,50.0,17.0,5.0,20.0,450,0,Lunch,250
136,Clam Chowder (1 cup),Meal/Seafood,200,10.0,18.0,9.0,1.0,2.0,870,30,Lunch,0
137,Iced Tea (Sweetened 16oz),Beverage,180,0.0,46.0,0.0,0.0,46.0,15,0,Snack,500
138,Lasagna (1 serving meat),Meal/Pasta,350,20.0,30.0,17.0,4.0,7.0,850,55,Dinner,250
139,Garlic Bread (1 slice),Grain,150,4.0,18.0,7.0,1.0,1.0,310,0,Dinner,0
140,Chocolate Milk (1 cup),Beverage/Dairy,200,8.0,26.0,8.0,1.0,24.0,160,30,Snack,0
141,White Bread (1 slice),Grain,70,2.0,13.0,1.0,0.6,1.2,140,0,Breakfast,0
142,Jelly (1 tbsp grape),Condiment,50,0.0,13.0,0.0,0.1,12.0,5,0,Breakfast,0
143,Veggie Burger (1 patty),Protein/Vegetarian,120,11.0,10.0,4.0,5.0,1.0,350,0,Lunch,250
144,Bun (hamburger),Grain,140,4.0,26.0,2.0,1.0,4.0,260,0,Lunch,0
145,Ketchup (1 tbsp),Condiment,20,0.2,5.0,0.1,0.2,4.0,160,0,Lunch,0
146,Muffin (Blueberry 1 large),Grain/Dessert,380,5.0,55.0,16.0,2.0,30.0,350,50,Breakfast,250
147,Coffee (with cream/sugar),Beverage,50,0.5,5.0,3.0,0.0,4.5,10,10,Breakfast,250
148,Potato Chips (1 oz),Snack/Processed,160,2.0,15.0,10.0,1.0,0.5,170,0,Snack,0
149,Tzatziki Sauce (2 tbsp),Condiment/Dairy,30,1.5,2.0,2.0,0.0,1.5,100,5,Dinner,0
150,Scallops (3oz seared),Protein/Seafood,95,17.0,5.0,1.0,0.0,0.0,180,35,Dinner,0
151,Risotto (Mushroom 1 cup),Meal/Grain,250,7.0,35.0,9.0,3.0,3.0,600,20,Dinner,0
152,Caprese Salad,Meal/Vegetable,240,10.0,8.0,18.0,2.0,5.0,350,40,Lunch,250
153,Balsamic Vinaigrette (2 tbsp),Condiment,90,0.0,3.0,9.0,0.0,2.5,300,0,Lunch,0
154,Cherries (1 cup),Fruit,77,1.6,19.0,0.5,2.5,15.0,0,0,Snack,0
155,Turkey Bacon (2 slices),Protein/Meat,70,6.0,1.0,5.0,0.0,0.5,360,30,Breakfast,0
156,Grits (1 cup cooked),Grain,150,3.0,32.0,1.0,2.0,0.5,320,0,Breakfast,0
157,Butter (1 tbsp),Condiment/Dairy,100,0.1,0.0,11.0,0.0,0.0,82,30,Breakfast,0
158,Meatball Sub (6 inch),Meal/Processed,580,28.0,55.0,27.0,6.0,10.0,1200,70,Lunch,500
159,Kiwifruit (1 medium),Fruit,46,0.9,11.1,0.4,2.3,6.7,2,0,Snack,0
160,Beef Jerky (1 oz),Snack/Processed,116,9.4,3.1,7.2,0.5,2.5,590,30,Snack,0
161,Figs (2 medium),Fruit,74,0.6,19.2,0.3,2.9,16.2,2,0,Snack,0
162,Lobster (3oz steamed),Protein/Seafood,76,16.0,0.0,0.7,0.0,0.0,250,125,Dinner,250
163,Melted Butter (for lobster),Condiment,200,0.2,0.0,22.0,0.0,0.0,164,60,Dinner,0
164,Corn on the Cob (1 large),Vegetable,125,5.0,29.0,1.5,3.0,5.0,2,0,Dinner,0
165,Vegetable Soup (1 can),Meal/Vegetable,140,4.0,22.0,4.0,6.0,8.0,780,5,Lunch,250
166,Saltine Crackers (5 crackers),Grain/Processed,60,1.0,10.0,1.5,0.5,0.0,140,0,Lunch,0
167,Mango (1 cup slices),Fruit,99,1.4,24.7,0.6,2.6,22.5,2,0,Snack,0
168,Cheesecake (1 slice),Dessert,320,5.0,28.0,21.0,1.0,20.0,280,65,Snack,250
169,Pad Thai (Chicken 1.5 cups),Meal/Pasta,550,25.0,60.0,22.0,5.0,10.0,950,70,Dinner,500
170,Spring Roll (Veg 2 rolls),Snack/Processed,180,4.0,25.0,7.0,3.0,3.0,450,0,Dinner,0
171,Coconut Water (1 cup),Beverage,46,1.7,8.9,0.5,2.6,6.3,252,0,Snack,240
172,Kimchi (1/2 cup),Vegetable,22,1.7,4.0,0.4,2.4,1.5,750,0,Side,0
173,Sashimi (Salmon 3 pcs),Protein/Fish,120,18.0,0.0,5.0,0.0,0.0,45,40,Lunch,0
174,Wasabi (1 tsp),Condiment,10,0.1,2.2,0.1,0.3,1.0,40,0,Lunch,0
175,Seaweed Salad (1/2 cup),Vegetable,60,2.0,8.0,3.0,2.0,4.0,350,0,Lunch,0
176,French Onion Soup (1 cup),Meal,150,6.0,15.0,7.0,2.0,5.0,800,20,Lunch,250
177,Croutons (1/4 cup),Grain,50,1.5,7.0,2.0,0.5,0.5,140,0,Lunch,0
178,Shepherd's Pie (1 serving),Meal/Meat,400,20.0,35.0,20.0,6.0,7.0,850,55,Dinner,250
179,Green Peas (1/2 cup),Legume,62,4.1,11.1,0.2,4.4,4.2,2,0,Dinner,0
180,Apple Pie (1 slice),Dessert,410,3.0,58.0,19.0,3.0,25.0,320,0,Snack,0
181,Gin & Tonic (1 drink),Beverage,170,0.0,13.0,0.0,0.0,13.0,2,0,Snack,180
182,Red Wine (5 oz glass),Beverage,125,0.1,3.8,0.0,0.0,0.9,6,0,Dinner,0
183,Halibut (4oz baked),Protein/Fish,125,24.0,0.0,2.5,0.0,0.0,60,40,Dinner,250
184,Quinoa Salad (1 cup),Meal/Vegetarian,260,9.0,32.0,12.0,6.0,4.0,300,0,Lunch,250
185,Lemonade (1 cup),Beverage,99,0.1,26.0,0.0,0.1,25.0,30,0,Snack,240
186,Pistachios (1 oz shelled),Nut,159,5.7,7.7,12.8,3.0,2.2,2,0,Snack,0
187,Oat Milk (1 cup),Beverage/Dairy-Alt,120,3.0,16.0,5.0,2.0,7.0,100,0,Breakfast,0
188,Biscuits and Gravy (1 serving),Meal/Processed,480,10.0,45.0,28.0,2.0,3.0,1100,35,Breakfast,250
189,Avocado (1/2 fruit),Fruit,160,2.0,8.5,14.7,6.7,0.7,7,0,Breakfast,0
190,Corn Flakes (1 cup),Grain,100,2.0,24.0,0.0,1.0,3.0,200,0,Breakfast,0
191,T-Bone Steak (6oz),Protein/Meat,460,38.0,0.0,33.0,0.0,0.0,110,105,Dinner,0
192,Creamed Spinach (1/2 cup),Vegetable,190,5.0,8.0,16.0,3.0,2.0,450,50,Dinner,0
193,Pecans (1 oz),Nut,196,2.6,3.9,20.4,2.7,1.1,0,0,Snack,0
194,Fruit Cocktail (canned 1 cup),Fruit,110,1.0,28.0,0.0,2.0,26.0,10,0,Snack,0
195,Ramen (Instant 1 pack),Meal/Processed,380,9.0,53.0,14.0,2.0,2.0,1580,0,Lunch,500
196,Mocha Latte (16oz),Beverage,360,12.0,48.0,15.0,2.0,42.0,150,45,Snack,473
197,Cucumber Slices (1 cup),Vegetable,16,0.7,3.6,0.1,0.5,1.7,2,0,Snack,0
198,Feta Cheese (1 oz),Dairy,75,4.0,1.2,6.1,0.0,0.7,316,25,Lunch,0
199,Olives (Kalamata 5 large),Fruit,35,0.2,1.0,3.5,0.5,0.0,210,0,Lunch,0
200,Chicken Alfredo (1.5 cups),Meal/Pasta,680,35.0,45.0,38.0,4.0,5.0,980,120,Dinner,250
201,Breadstick (1 large),Grain,160,4.0,28.0,3.0,1.0,2.0,350,0,Dinner,0
202,Cobb Salad,Meal/Protein,510,30.0,12.0,38.0,7.0,6.0,800,210,Lunch,500
203,Blue Cheese Dressing (2 tbsp),Condiment,150,1.0,2.0,16.0,0.0,1.0,320,10,Lunch,0
204,Mandarin Orange (1 medium),Fruit,37,0.6,9.3,0.2,1.3,7.3,1,0,Snack,0
205,Cashews (1 oz roasted),Nut,163,4.3,9.2,13.1,0.9,1.4,140,0,Snack,0
206,Eggo Waffle (2 waffles),Grain/Processed,180,4.0,30.0,5.0,1.0,4.0,400,0,Breakfast,0
207,Diet Soda (1 can),Beverage,0,0.0,0.0,0.0,0.0,0.0,40,0,Lunch,355
208,Pulled Pork Sandwich,Meal/Meat,480,25.0,48.0,20.0,3.0,15.0,900,75,Lunch,250
209,Macadamia Nuts (1 oz),Nut,204,2.2,3.9,21.5,2.4,1.3,1,0,Snack,0
210,Crab Cakes (2 medium),Meal/Seafood,340,20.0,18.0,20.0,1.0,2.0,700,120,Dinner,250
211,Tartar Sauce (2 tbsp),Condiment,60,0.2,2.0,5.5,0.1,1.5,180,5,Dinner,0
212,Lemon Bar (1 square),Dessert,150,1.5,22.0,6.0,0.5,15.0,80,30,Snack,0
213,Almond Milk (Unsweetened 1 cup),Beverage/Dairy-Alt,30,1.0,1.0,2.5,1.0,0.0,160,0,Breakfast,240
214,Rice Krispies (1.5 cups),Grain,160,3.0,37.0,0.5,0.5,4.0,290,0,Breakfast,0
215,Sugar (1 tsp for cereal),Condiment,16,0.0,4.0,0.0,0.0,4.0,0,0,Breakfast,0
216,Tuna (Canned 3oz in water),Protein/Fish,90,20.0,0.0,1.0,0.0,0.0,250,35,Lunch,0
217,Mayonnaise (1 tbsp),Condiment,90,0.1,0.1,10.0,0.0,0.1,70,5,Lunch,0
218,Pickle (1 spear dill),Vegetable,5,0.2,1.0,0.1,0.3,0.5,300,0,Lunch,0
219,Lobster Bisque (1 cup),Meal/Seafood,250,8.0,12.0,18.0,1.0,3.0,850,50,Lunch,250
220,Reuben Sandwich,Meal/Processed,650,28.0,35.0,40.0,5.0,6.0,1500,100,Lunch,500
221,Sauerkraut (1/4 cup side),Vegetable,7,0.3,1.5,0.0,1.0,0.6,234,0,Lunch,0
222,Mushroom (White 1 cup sliced),Vegetable,15,2.2,2.3,0.2,0.7,1.4,4,0,Dinner,0
223,Soy Milk (Original 1 cup),Beverage/Dairy-Alt,110,8.0,9.0,4.5,2.0,6.0,125,0,Breakfast,240
224,Chicken Tikka Masala (1.5 cups),Meal/Meat,480,30.0,20.0,30.0,5.0,8.0,900,95,Dinner,250
225,Naan Bread (1 piece),Grain,260,8.0,45.0,5.0,2.0,3.0,450,10,Dinner,0
226,Cucumber Salad (1/2 cup),Vegetable,40,1.0,5.0,2.0,1.0,4.0,200,0,Dinner,0
227,Vodka Soda (1 drink),Beverage,100,0.0,0.0,0.0,0.0,0.0,5,0,Snack,180
228,Chocolate Croissant,Dessert,350,6.0,40.0,19.0,3.0,15.0,300,40,Breakfast,250
229,Sweet & Sour Chicken (1 cup),Meal/Processed,380,18.0,45.0,15.0,3.0,25.0,750,50,Dinner,0
230,Egg Drop Soup (1 cup),Meal/Vegetable,65,5.0,6.0,2.0,0.5,1.0,780,50,Dinner,0
231,String Cheese (1 stick),Dairy,80,6.0,1.0,6.0,0.0,0.0,210,20,Snack,0
232,Turkey Burger (1 patty),Protein/Meat,160,22.0,2.0,8.0,0.0,1.0,400,70,Lunch,250
233,Mustard (1 tbsp yellow),Condiment,10,0.5,1.0,0.5,0.5,0.0,160,0,Lunch,0
234,Potato Salad (1/2 cup),Meal/Vegetable,180,2.0,19.0,11.0,2.0,3.0,500,10,Lunch,0
235,Cranberry Juice (1 cup),Beverage,130,0.0,33.0,0.0,0.0,30.0,10,0,Breakfast,240
236,Spinach (1 cup raw),Vegetable,7,0.9,1.1,0.1,0.7,0.1,24,0,Lunch,0
237,Chicken Piccata (1 serving),Meal/Meat,350,30.0,10.0,20.0,1.0,2.0,600,90,Dinner,250
238,Angel Hair Pasta (1 cup),Grain,200,7.0,42.0,1.0,2.0,1.0,1,0,Dinner,0
239,Olive Oil (1 tbsp),Condiment,120,0.0,0.0,14.0,0.0,0.0,0,0,Dinner,0
240,Garlic (1 clove),Vegetable,4,0.2,0.9,0.0,0.1,0.0,1,0,Dinner,0
241,Salami (3 slices),Protein/Processed,110,6.0,1.0,9.0,0.0,0.5,500,30,Snack,0
242,Provolone Cheese (1 slice),Dairy,100,7.0,1.0,8.0,0.0,0.5,250,20,Snack,0
243,Ginger Ale (1 can),Beverage,124,0.0,32.0,0.0,0.0,31.0,40,0,Snack,355
244,Shrimp Scampi (1 cup),Meal/Seafood,380,22.0,40.0,15.0,3.0,3.0,750,140,Dinner,0
245,Tiramisu (1 slice),Dessert,450,7.0,42.0,28.0,2.0,25.0,150,180,Snack,250
246,Cereal Bar (Fruit),Snack/Processed,140,2.0,30.0,3.0,1.0,15.0,110,0,Breakfast,250
247,Veal Parmesan (1 serving),Meal/Meat,550,40.0,30.0,30.0,4.0,7.0,1100,130,Dinner,250
248,Spaghetti (side),Grain,100,3.5,21.0,0.5,1.0,0.5,0,0,Dinner,0
249,Hot Chocolate (1 cup),Beverage,200,3.0,30.0,8.0,2.0,25.0,160,10,Snack,240
250,Coconut Shrimp (5 pcs),Meal/Seafood,320,10.0,25.0,20.0,3.0,8.0,600,80,Dinner,0
251,Sweet Chili Sauce (2 tbsp),Condiment,70,0.0,17.0,0.0,0.5,16.0,450,0,Dinner,0
252,White Wine (5 oz glass),Beverage,121,0.1,3.8,0.0,0.0,1.4,5,0,Dinner,0
253,Trail Mix (1/4 cup),Snack/Processed,190,5.0,20.0,12.0,3.0,14.0,50,0,Snack,250
254,Onion Rings (6 rings),Snack/Processed,280,4.0,30.0,16.0,3.0,4.0,500,0,Snack,0
255,Poached Egg (1 large),Protein,72,6.3,0.4,4.8,0.0,0.4,140,185,Breakfast,0
256,Canadian Bacon (2 slices),Protein/Meat,80,12.0,1.0,3.0,0.0,1.0,650,40,Breakfast,0
257,Eggs Benedict (1 serving),Meal/Protein,600,25.0,30.0,40.0,3.0,4.0,1100,450,Breakfast,250
258,Hollandaise Sauce (2 tbsp),Condiment,110,1.0,0.5,12.0,0.0,0.2,150,50,Breakfast,0
259,Spinach Artichoke Dip (1/4 cup),Snack/Processed,160,5.0,6.0,14.0,2.0,2.0,350,30,Snack,0
260,Tortilla Chips (1 oz),Snack/Processed,140,2.0,19.0,7.0,2.0,0.5,120,0,Snack,0
261,Chicken Kebab (2 skewers),Meal/Meat,280,30.0,8.0,14.0,3.0,4.0,500,85,Dinner,250
262,Bell Peppers & Onions (sautéed),Vegetable,60,1.5,10.0,2.0,3.0,6.0,30,0,Dinner,0
263,Hummus Wrap (large),Meal/Vegetarian,450,15.0,60.0,18.0,12.0,5.0,800,0,Lunch,500
264,Kombucha (1 cup),Beverage,30,0.0,7.0,0.0,0.0,6.0,10,0,Snack,240
265,Beef Stroganoff (1.5 cups),Meal/Pasta,550,30.0,40.0,28.0,4.0,6.0,900,100,Dinner,0
266,Egg Noodles (1 cup cooked),Grain,220,8.0,40.0,3.0,2.0,2.0,20,50,Dinner,0
267,Cottage Cheese (1 cup low fat),Dairy,160,28.0,6.0,2.5,0.0,4.0,820,10,Lunch,250
268,Tomato (1 medium sliced),Vegetable,22,1.1,4.8,0.2,1.5,3.2,6,0,Lunch,0
269,Black Pepper (1 tsp),Condiment,6,0.2,1.5,0.1,0.6,0.0,0,0,Lunch,0
270,Chocolate Pudding (1/2 cup),Dessert,150,2.0,28.0,4.0,2.0,22.0,130,2,Snack,0
271,Mackerel (3oz cooked),Protein/Fish,175,16.0,0.0,12.0,0.0,0.0,75,65,Dinner,0
272,Collard Greens (1 cup cooked),Vegetable,60,5.0,10.0,1.0,7.0,1.0,40,0,Dinner,0
273,Ham (3oz deli sliced),Protein/Meat,110,16.0,2.0,4.0,0.0,1.5,950,45,Lunch,0
274,Swiss Cheese (1 slice),Dairy,106,7.6,1.0,8.0,0.0,0.4,54,26,Lunch,0
275,Rye Bread (1 slice),Grain,83,2.7,15.5,1.1,1.9,1.2,170,0,Lunch,0
276,Potato Leek Soup (1 cup),Meal/Vegetable,180,4.0,25.0,7.0,3.0,4.0,650,15,Lunch,250
277,Brie Cheese (1 oz),Dairy,95,6.0,0.1,7.9,0.0,0.1,178,28,Snack,0
278,Water Cracker (5 crackers),Grain/Processed,70,1.5,12.0,1.5,0.5,0.0,150,0,Snack,0
279,Grapefruit (1/2 medium),Fruit,52,1.1,13.2,0.2,2.0,8.5,0,0,Breakfast,0
280,Veggie Straws (1 oz),Snack/Processed,130,1.0,17.0,7.0,1.0,1.0,220,0,Snack,0
281,Fish Tacos (2 tacos),Meal/Fish,420,25.0,40.0,18.0,6.0,5.0,700,60,Dinner,500
282,Cabbage Slaw (side),Vegetable,60,1.0,8.0,3.0,2.0,5.0,120,5,Dinner,0
283,Lime (juice of 1),Condiment,11,0.2,3.7,0.0,0.4,0.7,1,0,Dinner,0
284,Beer (12 oz light),Beverage,103,0.9,5.8,0.0,0.0,0.3,10,0,Snack,355
285,Danish (Cheese 1 medium),Dessert,340,7.0,38.0,18.0,2.0,16.0,300,55,Breakfast,250
286,Kefir (Plain 1 cup),Beverage/Dairy,104,10.0,10.0,2.5,0.0,9.0,100,10,Breakfast,240
287,Gnocchi (1 cup),Meal/Pasta,210,4.5,45.0,1.5,3.0,2.0,480,0,Dinner,0
288,Pesto Sauce (1/4 cup),Condiment,260,5.0,4.0,26.0,2.0,1.0,550,5,Dinner,0
289,Pine Nuts (1 tbsp),Nut,95,2.0,2.0,10.0,0.5,0.5,0,0,Dinner,0
290,Chai Latte (12 oz),Beverage,190,7.0,32.0,4.0,1.0,30.0,105,15,Snack,355
291,Manicotti (2 shells cheese),Meal/Pasta,380,20.0,35.0,18.0,4.0,7.0,650,60,Dinner,0
292,Italian Sausage (1 link),Protein/Meat,200,12.0,3.0,16.0,0.0,1.0,550,50,Dinner,0
293,Jicama (1 cup sticks),Vegetable,46,0.9,10.6,0.1,5.8,2.1,5,0,Snack,0
294,Chili Powder (1 tsp),Condiment,8,0.3,1.4,0.4,0.9,0.2,10,0,Snack,0
295,Ants on a Log (4 pcs),Snack,180,6.0,12.0,12.0,3.0,7.0,120,0,Snack,250
296,Split Pea Soup (1 cup),Meal/Legume,180,11.0,30.0,2.0,10.0,6.0,700,5,Lunch,250
297,Ham & Cheese Croissant,Meal/Processed,400,15.0,35.0,22.0,2.0,6.0,750,60,Breakfast,250
298,Espresso (double shot),Beverage,5,0.5,0.0,0.1,0.0,0.0,1,0,Breakfast,60
299,Ricotta Cheese (1/4 cup),Dairy,85,5.5,2.5,6.0,0.0,1.0,50,24,Dinner,0
300,Chicken & Rice Soup (1 can),Meal/Processed,130,7.0,18.0,3.0,2.0,2.0,850,15,Lunch,250
301,Salt (1/4 tsp),Condiment,0,0.0,0.0,0.0,0.0,0.0,580,0,Dinner,0
302,Guava,Fruit,68,2.6,14.3,0.9,5.4,8.9,3,0,Snack,0
303,Club Sandwich,Meal/Processed,580,35.0,40.0,30.0,5.0,7.0,1300,95,Lunch,500
304,Pickle (1 whole dill),Vegetable,17,0.8,3.7,0.2,1.5,1.7,1200,0,Snack,0
305,Turkey Chili (1 cup),Meal/Meat,250,22.0,25.0,7.0,8.0,6.0,750,50,Dinner,250
306,Sour Cream (2 tbsp),Condiment/Dairy,60,0.8,1.3,5.8,0.0,0.8,25,12,Dinner,0
307,Shredded Cheese (Cheddar 1/4 cup),Dairy,115,7.0,1.0,9.5,0.0,0.5,180,30,Dinner,0
308,Matcha Latte (12 oz),Beverage,180,6.0,28.0,5.0,2.0,25.0,90,20,Snack,355
309,Chocolate Donut (1 medium),Dessert,300,4.0,35.0,17.0,2.0,18.0,230,20,Breakfast,0
310,Tuna Melt,Meal/Processed,450,25.0,32.0,25.0,3.0,4.0,900,50,Lunch,250
311,Apple Cider (1 cup),Beverage,117,0.1,29.0,0.3,0.5,27.0,10,0,Snack,240
312,Beef Burrito (large),Meal/Processed,650,30.0,70.0,28.0,10.0,5.0,1400,70,Dinner,500
313,Pico de Gallo (1/4 cup),Condiment,15,0.5,3.0,0.0,1.0,2.0,200,0,Dinner,0
314,Corn Tortilla (1 medium),Grain,52,1.4,11.2,0.7,1.5,0.2,4,0,Dinner,0
315,Mussels (3oz steamed),Protein/Seafood,146,20.0,6.0,4.0,0.0,0.0,310,48,Dinner,0
316,White Wine Sauce (1/4 cup),Condiment,80,1.0,4.0,6.0,0.5,2.0,300,5,Dinner,0
317,French Bread (2 slices),Grain,180,6.0,36.0,1.0,2.0,2.0,380,0,Dinner,0
318,Blackberries (1 cup),Fruit,62,2.0,13.8,0.7,7.6,4.9,1,0,Snack,0
319,Cheese Danish,Dessert,340,7.0,38.0,18.0,2.0,16.0,300,55,Breakfast,250
320,Chicken Salad Sandwich,Meal/Processed,420,20.0,35.0,20.0,3.0,5.0,850,60,Lunch,250
321,Soyrizo (2 oz),Protein/Vegetarian,140,10.0,6.0,9.0,3.0,2.0,450,0,Breakfast,0
322,Hash Browns (1 cup),Vegetable,330,3.0,38.0,19.0,3.0,1.0,550,0,Breakfast,0
323,Ketchup (1 packet),Condiment,10,0.1,2.5,0.0,0.1,2.0,90,0,Breakfast,0
324,Philly Cheesesteak (6 inch),Meal/Processed,500,25.0,40.0,28.0,3.0,5.0,1100,70,Lunch,500
325,Cheese Whiz (2 tbsp),Condiment/Processed,90,4.0,3.0,7.0,0.0,2.0,540,20,Lunch,0
326,Onions (sautéed 1/4 cup),Vegetable,30,0.5,5.0,1.0,1.0,3.0,5,0,Lunch,0
327,Raspberries (1 cup),Fruit,64,1.5,14.7,0.8,8.0,5.4,1,0,Snack,0
328,Cheesy Grits (1 cup),Meal/Grain,210,6.0,34.0,6.0,2.0,1.0,550,20,Breakfast,0
329,Collard Greens (with ham hock),Vegetable,180,10.0,15.0,9.0,8.0,3.0,600,30,Dinner,0
330,Fried Okra (1 cup),Vegetable,220,4.0,25.0,12.0,5.0,3.0,450,10,Dinner,0
331,Sweet Tea (16 oz),Beverage,180,0.0,46.0,0.0,0.0,46.0,15,0,Lunch,473
332,Gyro (1 sandwich),Meal/Meat,600,25.0,55.0,30.0,5.0,6.0,1200,80,Dinner,250
333,Pita Bread (White 1 large),Grain,220,7.0,45.0,2.0,2.0,2.0,440,0,Dinner,0
334,Tzatziki Sauce (2 tbsp),Condiment,30,1.5,2.0,2.0,0.0,1.5,100,5,Dinner,0
335,Baklava (1 piece),Dessert,280,3.0,30.0,18.0,2.0,20.0,80,10,Snack,0
336,Coconut (shredded 1/4 cup),Fruit,110,1.0,4.5,10.5,2.0,1.5,3,0,Snack,0
337,S'more (1 serving),Dessert,140,2.0,25.0,4.0,1.0,15.0,90,0,Snack,0
338,Graham Cracker (1 large rectangle),Grain/Processed,60,1.0,11.0,1.5,0.5,4.0,70,0,Snack,0
339,Marshmallow (1 large),Dessert,23,0.1,5.8,0.0,0.0,4.0,5,0,Snack,0
340,Chocolate (Hershey's bar 1 segment),Dessert,25,0.3,3.0,1.5,0.2,2.8,4,1,Snack,0
341,Chicken Parm Sandwich,Meal/Processed,650,40.0,55.0,30.0,6.0,9.0,1400,100,Lunch,500
342,Mozzarella (1 slice),Dairy,80,6.0,1.0,6.0,0.0,0.5,150,20,Lunch,0
343,Bread Roll (hoagie),Grain,200,6.0,38.0,2.0,2.0,3.0,400,0,Lunch,0
344,Artichoke (1 medium steamed),Vegetable,60,4.2,13.4,0.2,6.9,1.2,112,0,Dinner,0
345,Mayonnaise (1 tbsp for dipping),Condiment,90,0.1,0.1,10.0,0.0,0.1,70,5,Dinner,0
346,Calamari (fried 3oz),Meal/Seafood,150,13.0,8.0,7.0,1.0,1.0,600,220,Dinner,0
347,Lemon Wedge (for calamari),Condiment,3,0.1,1.0,0.0,0.3,0.2,0,0,Dinner,0
348,Root Beer (1 can),Beverage,150,0.0,40.0,0.0,0.0,40.0,55,0,Snack,355
349,Chicken McNuggets (6 pcs),Meal/Processed,270,15.0,16.0,16.0,1.0,0.0,500,40,Lunch,0
350,BBQ Sauce (2 tbsp),Condiment,60,0.5,15.0,0.0,0.5,12.0,350,0,Lunch,0
351,Honey (1 tbsp),Condiment,64,0.1,17.3,0.0,0.0,17.2,1,0,Breakfast,0
352,Tofu Scramble,Meal/Vegetarian,250,20.0,8.0,16.0,4.0,3.0,300,0,Breakfast,250
353,Turmeric (1 tsp),Condiment,9,0.3,1.9,0.1,0.7,0.1,1,0,Breakfast,0
354,Nutritional Yeast (1 tbsp),Condiment,20,3.0,2.0,0.0,1.0,0.0,10,0,Breakfast,0
355,Seitan (3oz),Protein/Vegetarian,90,18.0,4.0,1.0,1.0,1.0,300,0,Dinner,0
356,Vegetable Broth (1 cup),Beverage,15,1.0,3.0,0.0,1.0,2.0,550,0,Dinner,240
357,Mashed Cauliflower (1 cup),Vegetable,140,5.0,12.0,8.0,5.0,4.0,400,25,Dinner,0
358,Peanut Sauce (2 tbsp),Condiment,80,2.0,4.0,6.0,1.0,3.0,250,0,Dinner,0
359,Tempeh (3oz),Protein/Vegetarian,160,16.0,8.0,9.0,5.0,0.0,10,0,Lunch,0
360,Sauerkraut (1/2 cup),Vegetable,14,0.7,3.1,0.1,2.0,1.2,468,0,Lunch,0
361,Rye Crispbread (2 slices),Grain,70,2.0,14.0,0.5,3.0,0.0,120,0,Lunch,0
362,Capers (1 tbsp),Condiment,2,0.2,0.4,0.1,0.3,0.1,200,0,Dinner,0
363,Chicken Liver (2 oz cooked),Protein/Meat,91,13.6,0.6,3.6,0.0,0.0,50,320,Dinner,0
364,Onion (1/2 cup raw chopped),Vegetable,32,0.9,7.5,0.1,1.4,3.8,3,0,Dinner,0
365,Bok Choy (1 cup steamed),Vegetable,10,1.5,2.0,0.1,1.0,1.0,40,0,Dinner,0
366,Gummy Bears (10 pcs),Snack/Dessert,100,2.0,22.0,0.0,0.0,15.0,10,0,Snack,0
367,Whiskey (1.5 oz shot),Beverage,105,0.0,0.1,0.0,0.0,0.1,1,0,Snack,0
368,Dates (2 medium Medjool),Fruit,133,0.8,36.0,0.1,3.2,32.0,1,0,Snack,0
369,Tahini (1 tbsp),Condiment,89,2.6,3.2,8.0,1.4,0.1,17,0,Snack,0
370,Chickpeas (1/2 cup canned),Legume,135,7.0,22.0,2.0,6.0,3.0,250,0,Lunch,0
371,Lettuce (Romaine 2 cups),Vegetable,16,1.0,3.0,0.3,2.0,1.0,10,0,Lunch,0
372,Italian Dressing (2 tbsp),Condiment,70,0.0,3.0,7.0,0.0,2.0,300,0,Lunch,0
373,Croutons (1/4 cup),Grain,50,1.5,7.0,2.0,0.5,0.5,140,0,Lunch,0
374,Turkey Sausage (1 patty),Protein/Meat,70,9.0,1.0,4.0,0.0,0.5,280,35,Breakfast,0
375,Maple Syrup (1 tbsp),Condiment,52,0.0,13.5,0.0,0.0,12.0,1,0,Breakfast,0
376,Margarita (1 drink 4oz),Beverage,200,0.1,20.0,0.0,0.1,19.0,5,0,Snack,120
377,Quesadilla (Cheese 1 medium),Meal/Processed,400,18.0,35.0,22.0,3.0,2.0,700,50,Lunch,250
378,Sour Cream (1 tbsp),Condiment/Dairy,30,0.4,0.6,2.9,0.0,0.4,12,6,Lunch,0
379,Salsa (2 tbsp),Condiment,10,0.5,2.0,0.0,0.5,1.0,120,0,Lunch,0
380,Red Cabbage (1 cup raw),Vegetable,22,1.1,5.2,0.1,1.6,2.8,8,0,Dinner,0
381,Duck (3oz roasted),Protein/Meat,285,16.0,0.0,24.0,0.0,0.0,65,72,Dinner,0
382,Orange Sauce (1/4 cup for duck),Condiment,90,0.5,22.0,0.0,0.5,20.0,200,0,Dinner,0
383,Wild Rice (1 cup cooked),Grain,166,6.5,35.0,0.6,3.0,1.2,5,0,Dinner,0
384,Cupcake (Vanilla 1 medium),Dessert,240,2.0,35.0,11.0,1.0,25.0,200,30,Snack,0
385,Frosting (Vanilla 2 tbsp),Condiment,140,0.0,22.0,6.0,0.0,22.0,65,0,Snack,0
386,Hot Sauce (1 tsp Tabasco),Condiment,0,0.0,0.0,0.0,0.0,0.0,35,0,Breakfast,0
387,Bison Burger (1 patty),Protein/Meat,150,22.0,0.0,7.0,0.0,0.0,65,70,Lunch,250
388,Pretzel Bun (1 medium),Grain,230,8.0,45.0,2.0,2.0,4.0,550,0,Lunch,0
389,Spicy Mustard (1 tbsp),Condiment,10,0.5,1.0,0.5,0.5,0.0,120,0,Lunch,0
390,Pasta Salad (1 cup),Meal/Pasta,280,8.0,30.0,14.0,4.0,5.0,450,10,Lunch,0
391,Salami (3 slices),Protein/Processed,110,6.0,1.0,9.0,0.0,0.5,500,30,Lunch,0
392,Pepperoncini (2 peppers),Vegetable,10,0.5,2.0,0.0,1.0,1.0,350,0,Lunch,0
393,Coconut Milk (1/4 cup canned),Condiment,111,1.1,2.9,11.6,0.5,1.5,8,0,Dinner,0
394,Green Curry Paste (1 tbsp),Condiment,30,0.5,2.0,2.5,1.0,1.0,400,0,Dinner,0
395,Chicken Thigh (1 roasted),Protein/Meat,210,24.0,0.0,13.0,0.0,0.0,90,120,Dinner,0
396,Jasmine Rice (1 cup cooked),Grain,205,4.3,45.0,0.4,0.6,0.0,2,0,Dinner,0
397,Thai Iced Tea (1 glass),Beverage,250,3.0,35.0,12.0,0.0,33.0,50,35,Snack,300
398,Papaya (1 cup cubes),Fruit,62,0.6,15.7,0.4,2.5,11.0,12,0,Snack,0
399,Lime Juice (1 tbsp),Condiment,4,0.1,1.3,0.0,0.1,0.2,0,0,Snack,0
400,Macaroni Salad (1 cup),Meal/Pasta,380,8.0,30.0,25.0,3.0,6.0,750,20,Lunch,0
401,Celery (1 stalk),Vegetable,6,0.3,1.2,0.1,0.6,0.5,32,0,Lunch,0
402,Blue Cheese (1 oz),Dairy,100,6.0,0.7,8.0,0.0,0.1,325,21,Snack,0
403,Dark Chocolate (1 oz 70%),Dessert,170,2.2,13.0,12.0,3.0,7.0,5,0,Snack,0
404,Acai Bowl (1 serving),Meal/Fruit,350,5.0,60.0,12.0,10.0,30.0,40,0,Breakfast,250
405,Granola (1/4 cup topping),Grain,120,3.0,15.0,6.0,3.0,7.0,20,0,Breakfast,0
406,Coconut Flakes (1 tbsp topping),Fruit,35,0.3,1.5,3.3,0.7,0.5,1,0,Breakfast,0
407,Honey (1 tsp drizzle),Condiment,21,0.0,5.8,0.0,0.0,5.8,0,0,Breakfast,0
408,Shrimp Cocktail (4 large shrimp),Protein/Seafood,60,10.0,1.0,1.0,0.0,0.5,300,110,Snack,0
409,Cocktail Sauce (2 tbsp),Condiment,30,0.5,7.0,0.0,0.5,5.0,450,0,Snack,0
410,Pork Bun (1 steamed),Meal/Processed,220,8.0,30.0,8.0,2.0,6.0,400,20,Lunch,0
411,Dim Sum (Siu Mai 3 pcs),Meal/Processed,180,12.0,10.0,10.0,2.0,1.0,550,60,Lunch,0
412,Soy Sauce (1 tbsp for dipping),Condiment,9,1.0,1.0,0.0,0.1,0.4,920,0,Lunch,0
413,Oyster (1 medium raw),Protein/Seafood,8,1.0,0.5,0.2,0.0,0.0,50,10,Dinner,0
414,Mignonette Sauce (1 tbsp),Condiment,5,0.0,1.0,0.0,0.0,0.5,30,0,Dinner,0
415,Beef Pho (1 large bowl),Meal/Soup,450,30.0,55.0,12.0,4.0,5.0,1500,60,Dinner,500
416,Bean Sprouts (1/4 cup garnish),Vegetable,8,0.8,1.5,0.1,0.4,1.0,1,0,Dinner,0
417,Thai Basil (garnish),Condiment,1,0.1,0.0,0.0,0.0,0.0,0,0,Dinner,0
418,Lime Wedge (garnish),Condiment,3,0.1,1.0,0.0,0.3,0.2,0,0,Dinner,0
419,Jalapeno (1 tbsp sliced),Vegetable,4,0.1,0.8,0.1,0.4,0.5,1,0,Dinner,0
420,Hoisin Sauce (1 tbsp),Condiment,35,0.3,8.0,0.2,0.1,5.0,220,0,Dinner,0
421,Sriracha (1 tsp),Condiment,5,0.1,1.0,0.1,0.1,0.8,80,0,Dinner,0
422,Crepe (1 plain),Grain,90,3.5,14.0,2.0,0.5,3.0,100,25,Breakfast,0
423,Nutella (1 tbsp),Condiment,100,1.5,11.0,6.0,1.0,10.0,10,0,Breakfast,0
424,Powdered Sugar (1 tsp),Condiment,10,0.0,2.5,0.0,0.0,2.5,0,0,Breakfast,0
425,Sake (3 oz),Beverage,117,0.4,3.8,0.0,0.0,0.0,4,0,Dinner,0
426,Edamame (in pod 1 cup),Legume,120,11.0,9.0,5.0,5.0,2.0,9,0,Snack,250
427,Sea Salt (coarse 1/4 tsp),Condiment,0,0.0,0.0,0.0,0.0,0.0,550,0,Snack,0
428,Biryani (Chicken 1.5 cups),Meal/Meat,520,28.0,60.0,18.0,5.0,6.0,900,75,Dinner,0
429,Raita (2 tbsp),Condiment/Dairy,30,1.0,2.0,2.0,0.5,1.5,100,5,Dinner,0
430,Lassi (Mango 1 cup),Beverage,180,5.0,30.0,4.0,1.0,28.0,60,15,Snack,240
431,Samosa (1 piece vegetable),Snack/Processed,130,2.0,18.0,6.0,2.0,1.0,300,0,Snack,0
432,Tamarind Chutney (1 tbsp),Condiment,20,0.1,5.0,0.0,0.5,4.0,120,0,Snack,0
433,Mint Chutney (1 tbsp),Condiment,5,0.2,0.5,0.0,0.3,0.2,150,0,Snack,0
434,Pani Puri (6 pcs),Snack/Processed,200,4.0,35.0,5.0,3.0,2.0,400,0,Snack,0
435,Passion Fruit (1 fruit),Fruit,17,0.4,4.2,0.1,1.9,2.0,5,0,Snack,0
436,Kimchi Jjigae (1 bowl),Meal/Soup,350,15.0,20.0,22.0,5.0,6.0,1200,30,Dinner,500
437,Silken Tofu (3oz in soup),Protein/Vegetarian,45,5.0,2.0,2.5,0.5,1.0,5,0,Dinner,0
438,Pork Belly (1 oz in soup),Protein/Meat,145,3.0,0.0,15.0,0.0,0.0,150,20,Dinner,0
439,Gochugaru (1 tsp),Condiment,10,0.3,1.8,0.3,0.5,0.3,1,0,Dinner,0
440,Gochujang (1 tbsp),Condiment,30,0.5,6.0,0.0,0.5,4.0,200,0,Dinner,0
441,Sesame Oil (1 tsp),Condiment,40,0.0,0.0,4.5,0.0,0.0,0,0,Dinner,0
442,Fish Sauce (1 tsp),Condiment,5,0.4,0.5,0.0,0.0,0.4,450,0,Dinner,0
443,Sugar (1 tsp in broth),Condiment,16,0.0,4.0,0.0,0.0,4.0,0,0,Dinner,0
444,Green Onion (1 tbsp garnish),Vegetable,3,0.2,0.7,0.0,0.2,0.2,0,0,Dinner,0
445,Kombucha (16 oz),Beverage,60,0.0,14.0,0.0,0.0,12.0,20,0,Snack,473
446,Beef Wellington (1 slice),Meal/Meat,600,30.0,35.0,38.0,4.0,4.0,850,100,Dinner,0
447,Pate (Mushroom 2 tbsp),Condiment,70,1.0,2.0,7.0,1.0,1.0,100,0,Dinner,0
448,Puff Pastry (1 oz wrapper),Grain,115,1.5,9.0,8.0,0.5,0.0,100,0,Dinner,0
449,Prosciutto (1 slice),Protein/Meat,35,4.0,0.0,2.5,0.0,0.0,280,10,Dinner,0
450,Asparagus (6 spears roasted),Vegetable,40,4.0,4.0,2.0,3.0,2.0,150,0,Dinner,0
451,Hollandaise Sauce (1 tbsp),Condiment,55,0.5,0.2,6.0,0.0,0.1,75,25,Dinner,0
452,Flan (1 slice),Dessert,220,6.0,35.0,7.0,0.0,33.0,80,90,Snack,0
453,Caramel Sauce (1 tbsp),Condiment,60,0.0,13.0,1.0,0.0,12.0,30,5,Snack,0
454,Congee (1 cup plain),Meal/Grain,130,2.5,28.0,1.0,1.0,0.5,300,0,Breakfast,0
455,Pickled Radish (1/4 cup),Vegetable,15,0.5,3.0,0.0,1.0,2.0,250,0,Breakfast,0
456,Pork Floss (1 tbsp),Protein/Meat,50,4.0,3.0,2.0,0.0,2.5,150,10,Breakfast,0
457,Century Egg (1 egg),Protein,100,7.0,1.0,7.0,0.0,0.5,300,200,Breakfast,0
458,Arugula (2 cups),Vegetable,10,1.0,0.8,0.2,0.4,0.4,6,0,Lunch,0
459,Goat Cheese (1 oz),Dairy,103,6.1,0.1,8.5,0.0,0.1,146,22,Lunch,0
460,Beets (1/2 cup roasted),Vegetable,30,0.8,6.8,0.1,1.4,5.8,50,0,Lunch,0
461,Walnuts (1 tbsp chopped),Nut,46,1.1,1.0,4.6,0.5,0.2,0,0,Lunch,0
462,Balsamic Glaze (1 tbsp),Condiment,40,0.0,9.0,0.0,0.0,8.0,10,0,Lunch,0
463,Bobotie (1 serving),Meal/Meat,450,25.0,30.0,25.0,5.0,15.0,700,150,Dinner,0
464,Yellow Rice (1 cup),Grain,230,4.0,50.0,1.0,2.0,1.0,300,0,Dinner,0
465,Chutney (Mango 1 tbsp),Condiment,45,0.1,11.0,0.1,0.5,10.0,180,0,Dinner,0
466,Malva Pudding (1 slice),Dessert,380,5.0,60.0,14.0,2.0,40.0,350,60,Snack,0
467,Custard (1/4 cup),Condiment,80,3.0,10.0,3.0,0.0,8.0,40,40,Snack,0
468,Bubble Tea (16 oz milk tea),Beverage,320,2.0,70.0,4.0,1.0,60.0,100,10,Snack,473
469,Tapioca Pearls (1/4 cup boba),Condiment,100,0.0,25.0,0.0,0.0,20.0,5,0,Snack,0
470,Paella (1.5 cups seafood),Meal/Rice,550,30.0,70.0,18.0,6.0,5.0,1200,110,Dinner,0
471,Chorizo (1 oz in paella),Protein/Meat,130,6.0,1.0,11.0,0.0,0.5,350,30,Dinner,0
472,Saffron (pinch),Condiment,1,0.0,0.1,0.0,0.0,0.0,0,0,Dinner,0
473,Aioli (Garlic 1 tbsp),Condiment,95,0.1,0.5,10.5,0.0,0.1,70,5,Dinner,0
474,Gazpacho (1 cup),Meal/Soup,90,2.0,12.0,4.0,3.0,7.0,600,0,Lunch,240
475,Croutons (Garlic 1/4 cup),Grain,50,1.5,7.0,2.0,0.5,0.5,140,0,Lunch,0
476,Olive Oil (1 tsp garnish),Condiment,40,0.0,0.0,4.5,0.0,0.0,0,0,Lunch,0
477,Churros (2 sticks),Dessert,240,3.0,30.0,12.0,1.5,10.0,200,20,Snack,0
478,Chocolate Sauce (1 tbsp dipping),Condiment,50,0.5,10.0,1.5,1.0,8.0,5,0,Snack,0
479,Cinnamon Sugar (1 tsp),Condiment,20,0.0,5.0,0.0,0.0,5.0,0,0,Snack,0
480,Horchata (1 cup),Beverage,140,2.0,25.0,3.0,1.0,22.0,30,5,Snack,240
481,Ceviche (1 cup fish),Meal/Fish,180,25.0,15.0,2.0,3.0,4.0,700,45,Lunch,0
482,Red Onion (1/4 cup in ceviche),Vegetable,16,0.3,3.7,0.0,0.4,1.8,1,0,Lunch,0
483,Cilantro (2 tbsp garnish),Condiment,1,0.1,0.0,0.0,0.1,0.0,0,0,Lunch,0
484,Corn Nuts (1 oz),Snack/Processed,130,2.0,23.0,4.0,2.0,0.0,180,0,Snack,0
485,Lomo Saltado (1.5 cups),Meal/Meat,500,35.0,45.0,22.0,5.0,6.0,1100,90,Dinner,0
486,French Fries (as side),Vegetable/Processed,200,2.0,25.0,10.0,2.0,0.2,130,0,Dinner,0
487,Soy Sauce (1 tbsp in stir-fry),Condiment,9,1.0,1.0,0.0,0.1,0.4,920,0,Dinner,0
488,Aji Amarillo Paste (1 tsp),Condiment,5,0.1,1.0,0.0,0.5,0.5,50,0,Dinner,0
489,Pisco Sour (1 drink),Beverage,250,1.0,25.0,0.0,0.0,24.0,5,5,Snack,180
490,Egg White (in drink),Condiment,17,3.6,0.2,0.0,0.0,0.2,55,0,Snack,0
491,Angostura Bitters (dash),Condiment,5,0.0,0.0,0.0,0.0,0.0,0,0,Snack,0
492,Alfajores (1 cookie),Dessert,180,2.0,22.0,10.0,1.0,15.0,60,20,Snack,0
493,Dulce de Leche (1 tbsp filling),Condiment,65,1.0,12.0,1.5,0.0,10.0,30,5,Snack,0
494,Coconut (shredded garnish),Fruit,10,0.1,0.5,1.0,0.2,0.1,0,0,Snack,0
495,Mate (1 cup),Beverage,5,0.2,1.0,0.0,0.0,0.0,2,0,Breakfast,240
496,Media Luna (1 pastry),Grain,190,4.0,25.0,8.0,1.0,9.0,150,25,Breakfast,0
497,Chimichurri (1 tbsp),Condiment,45,0.1,0.5,4.5,0.2,0.1,100,0,Dinner,0
498,Skirt Steak (4oz grilled),Protein/Meat,240,26.0,0.0,15.0,0.0,0.0,70,80,Dinner,0
499,Provoleta (1 oz grilled cheese),Dairy,100,7.0,1.0,8.0,0.0,0.5,250,20,Dinner,0
500,Oregano (1 tsp),Condiment,3,0.1,0.7,0.0,0.2,0.0,0,0,Dinner,0
501,Empanada (Beef 1 medium),Meal/Processed,290,10.0,28.0,16.0,3.0,3.0,550,30,Lunch,0
502,Chicken Milanesa (1 serving),Meal/Meat,450,35.0,30.0,22.0,3.0,2.0,700,100,Dinner,0
503,Mashed Potatoes (side),Vegetable,150,3.0,25.0,4.0,2.0,2.0,300,10,Dinner,0
504,Flan (1 slice),Dessert,220,6.0,35.0,7.0,0.0,33.0,80,90,Snack,0
505,Choripan (1 sandwich),Meal/Processed,550,20.0,40.0,35.0,3.0,4.0,1100,80,Lunch,250
506,Baguette (slice),Grain,70,2.5,14.0,0.5,0.6,0.5,150,0,Lunch,0
507,Chimichurri (1 tbsp),Condiment,45,0.1,0.5,4.5,0.2,0.1,100,0,Lunch,0
508,Pizza (Margherita 1 slice),Meal/Processed,250,12.0,30.0,10.0,3.0,4.0,600,25,Dinner,250
509,Fresh Mozzarella (1 oz),Dairy,72,5.0,0.8,5.0,0.0,0.3,138,22,Dinner,0
510,Basil (2 tbsp fresh),Condiment,1,0.1,0.1,0.0,0.1,0.0,0,0,Dinner,0
511,Carbonara (1.5 cups),Meal/Pasta,650,25.0,60.0,35.0,4.0,4.0,900,250,Dinner,0
512,Guanciale (1 oz),Protein/Meat,170,3.0,0.0,18.0,0.0,0.0,450,35,Dinner,0
513,Pecorino Cheese (1 tbsp),Dairy,25,1.5,0.1,2.0,0.0,0.0,110,6,Dinner,0
514,Black Pepper (1/4 tsp),Condiment,1,0.0,0.2,0.0,0.1,0.0,0,0,Dinner,0
515,Egg Yolk (1 large in sauce),Protein,55,2.7,0.6,4.5,0.0,0.3,8,184,Dinner,0
516,Supplì (1 piece fried rice ball),Snack/Processed,200,8.0,25.0,8.0,2.0,2.0,400,25,Snack,0
517,Aperol Spritz (1 drink),Beverage,180,0.0,20.0,0.0,0.0,20.0,10,0,Snack,150
518,Prosecco (3 oz),Beverage,70,0.0,2.0,0.0,0.0,1.5,5,0,Snack,0
519,Club Soda (2 oz),Beverage,0,0.0,0.0,0.0,0.0,0.0,20,0,Snack,0
520,Orange Slice (garnish),Fruit,5,0.1,1.0,0.0,0.2,0.8,0,0,Snack,0
521,Tagliatelle al Ragù (Bolognese),Meal/Pasta,550,28.0,65.0,20.0,7.0,8.0,850,70,Dinner,500
522,Ground Beef (2 oz in sauce),Protein/Meat,140,11.0,0.0,10.0,0.0,0.0,40,35,Dinner,0
523,Pancetta (0.5 oz in sauce),Protein/Meat,45,1.5,0.0,4.5,0.0,0.0,160,10,Dinner,0
524,Carrot (1/4 minced in sauce),Vegetable,10,0.2,2.4,0.1,0.7,1.2,17,0,Dinner,0
525,Celery (1/4 stalk minced),Vegetable,2,0.1,0.4,0.0,0.2,0.2,12,0,Dinner,0
526,Onion (1/8 minced in sauce),Vegetable,5,0.1,1.2,0.0,0.2,0.6,1,0,Dinner,0
527,Crushed Tomatoes (1/2 cup sauce),Vegetable,20,1.0,4.0,0.0,1.5,3.0,200,0,Dinner,0
528,Parmigiano-Reggiano (1 tbsp),Dairy,22,2.0,0.2,1.5,0.0,0.0,95,4,Dinner,0
529,Cannoli (1 medium),Dessert,240,5.0,25.0,13.0,1.0,18.0,100,30,Snack,0
530,Ricotta (filling 1 oz),Dairy,49,3.2,0.8,3.8,0.0,0.1,23,14,Snack,0
531,Pistachio (garnish),Nut,10,0.4,0.5,0.8,0.2,0.1,0,0,Snack,0
532,Biscotti (1 cookie),Dessert,110,2.0,18.0,4.0,1.0,9.0,50,15,Snack,0
533,Espresso (for dipping),Beverage,2,0.2,0.0,0.0,0.0,0.0,1,0,Snack,30
534,Focaccia (1 square),Grain,250,8.0,40.0,7.0,2.0,2.0,500,0,Lunch,0
535,Rosemary (1 tsp topping),Condiment,1,0.0,0.2,0.0,0.1,0.0,0,0,Lunch,0
536,Coarse Salt (garnish),Condiment,0,0.0,0.0,0.0,0.0,0.0,200,0,Lunch,0
537,Olive Oil (1 tbsp drizzle),Condiment,120,0.0,0.0,14.0,0.0,0.0,0,0,Lunch,0
538,Bruschetta (2 pcs),Snack/Appetizer,180,4.0,25.0,7.0,3.0,4.0,350,0,Snack,0
539,Balsamic Glaze (1 tsp),Condiment,13,0.0,3.0,0.0,0.0,2.7,3,0,Snack,0
540,Ribollita (1.5 cups soup),Meal/Soup,350,15.0,55.0,8.0,14.0,10.0,900,5,Dinner,500
541,Cannellini Beans (1/2 cup in soup),Legume,105,7.0,20.0,0.5,6.0,1.0,230,0,Dinner,0
542,Kale (1 cup in soup),Vegetable,33,2.9,6.0,0.6,2.0,1.0,29,0,Dinner,0
543,Stale Bread (1/2 cup in soup),Grain,80,3.0,15.0,1.0,1.0,1.5,160,0,Dinner,0
544,Polenta (1 cup creamy),Meal/Grain,150,3.0,32.0,1.0,3.0,1.0,350,5,Dinner,0
545,Gorgonzola Cheese (1 oz),Dairy,100,6.0,0.7,8.0,0.0,0.1,325,21,Dinner,0
546,Negroni (1 drink),Beverage,190,0.0,15.0,0.0,0.0,15.0,5,0,Snack,90
547,Gin (1 oz),Beverage,70,0.0,0.0,0.0,0.0,0.0,0,0,Snack,0
548,Campari (1 oz),Beverage,80,0.0,10.0,0.0,0.0,10.0,5,0,Snack,0
549,Sweet Vermouth (1 oz),Beverage,40,0.0,5.0,0.0,0.0,5.0,0,0,Snack,0
550,Orange Peel (garnish),Condiment,1,0.0,0.2,0.0,0.1,0.0,0,0,Snack,0
551,Osso Buco (1 serving),Meal/Meat,550,45.0,15.0,30.0,4.0,6.0,900,150,Dinner,0
552,Gremolata (1 tbsp),Condiment,15,0.5,1.0,1.0,0.5,0.5,5,0,Dinner,0
553,Risotto alla Milanese (1 cup),Meal/Rice,350,10.0,50.0,12.0,3.0,3.0,700,30,Dinner,0
554,Saffron (pinch in risotto),Condiment,1,0.0,0.1,0.0,0.0,0.0,0,0,Dinner,0
555,Panettone (1 slice),Dessert,320,6.0,50.0,12.0,3.0,25.0,200,70,Snack,0
556,Candied Fruit (1 tbsp),Fruit,30,0.0,8.0,0.0,0.5,8.0,5,0,Snack,0
557,Amaretti Cookie (2 cookies),Dessert,90,2.0,12.0,4.0,1.0,10.0,10,0,Snack,0
558,Limoncello (1.5 oz shot),Beverage,150,0.0,18.0,0.0,0.0,18.0,0,0,Snack,0
559,Panna Cotta (1 serving),Dessert,300,4.0,25.0,20.0,0.0,22.0,50,70,Snack,0
560,Berry Coulis (1 tbsp),Condiment,20,0.0,5.0,0.0,0.5,4.5,0,0,Snack,0
561,Saltimbocca (1 serving),Meal/Meat,380,38.0,5.0,22.0,0.5,1.0,850,120,Dinner,0
562,Prosciutto (1 slice wrapper),Protein/Meat,35,4.0,0.0,2.5,0.0,0.0,280,10,Dinner,0
563,Sage (2 leaves),Condiment,1,0.0,0.1,0.0,0.1,0.0,0,0,Dinner,0
564,White Wine Sauce (1/4 cup),Condiment,80,1.0,4.0,6.0,0.5,2.0,300,5,Dinner,0
565,Polenta (grilled 1 slice),Meal/Grain,120,2.5,25.0,1.0,2.0,0.5,300,0,Dinner,0
566,Caponata (1/2 cup),Meal/Vegetable,180,2.0,15.0,14.0,5.0,9.0,400,0,Dinner,0
567,Eggplant (1/2 cup in caponata),Vegetable,40,0.5,6.0,2.0,2.0,3.0,150,0,Dinner,0
568,Pine Nuts (1/2 tbsp),Nut,48,1.0,1.0,5.0,0.2,0.2,0,0,Dinner,0
569,Raisins (1 tbsp),Fruit,27,0.3,7.0,0.0,0.3,6.0,1,0,Dinner,0
570,Gelato (Pistachio 1/2 cup),Dessert,220,5.0,24.0,12.0,2.0,20.0,60,40,Snack,0
571,Waffle Cone (1 small),Grain,70,1.0,13.0,1.5,0.5,7.0,30,5,Snack,0
572,Cacio e Pepe (1.5 cups),Meal/Pasta,500,18.0,65.0,19.0,4.0,3.0,700,50,Dinner,0
573,Pecorino Romano (1/4 cup),Dairy,110,7.5,1.0,8.5,0.0,0.0,450,25,Dinner,0
574,Black Pepper (1/2 tsp),Condiment,3,0.1,0.7,0.0,0.3,0.0,0,0,Dinner,0
575,Fiorentina Steak (3oz portion),Protein/Meat,230,24.0,0.0,15.0,0.0,0.0,60,75,Dinner,0
576,Olive Oil (1 tbsp drizzle),Condiment,120,0.0,0.0,14.0,0.0,0.0,0,0,Dinner,0
577,Rosemary (garnish),Condiment,1,0.0,0.2,0.0,0.1,0.0,0,0,Dinner,0
578,White Beans (Tuscan style 1/2 cup),Legume,150,8.0,20.0,4.0,7.0,2.0,350,0,Dinner,0
579,Garlic (1 clove in beans),Vegetable,4,0.2,0.9,0.0,0.1,0.0,1,0,Dinner,0
580,Sage (in beans),Condiment,1,0.0,0.1,0.0,0.1,0.0,0,0,Dinner,0
581,Arancini (1 large ball),Snack/Processed,250,9.0,30.0,10.0,3.0,3.0,500,30,Snack,0
582,Ragù (filling 1 tbsp),Condiment,25,1.5,1.0,1.5,0.5,0.5,60,5,Snack,0
583,Mozzarella (filling 0.5 oz),Dairy,40,3.0,0.5,3.0,0.0,0.2,75,10,Snack,0
584,Breadcrumbs (coating),Grain,25,0.5,4.0,0.5,0.5,0.5,50,0,Snack,0
585,Campari & Soda (1 drink),Beverage,85,0.0,10.0,0.0,0.0,10.0,25,0,Snack,150
586,Olive (garnish),Fruit,5,0.0,0.1,0.5,0.1,0.0,30,0,Snack,0
587,Vitello Tonnato (1 serving),Meal/Meat,380,35.0,3.0,25.0,0.5,1.0,600,110,Lunch,0
588,Tuna Sauce (2 tbsp),Condiment,100,4.0,1.0,9.0,0.0,0.5,200,15,Lunch,0
589,Capers (garnish),Condiment,2,0.2,0.4,0.1,0.3,0.1,200,0,Lunch,0
590,Lemon Slice (garnish),Condiment,1,0.0,0.3,0.0,0.1,0.1,0,0,Lunch,0
591,Gnocchi alla Sorrentina (1.5 cups),Meal/Pasta,450,15.0,60.0,18.0,6.0,9.0,800,40,Dinner,0
592,Tomato Sauce (1/2 cup),Condiment,40,1.5,7.0,1.0,2.0,4.0,350,0,Dinner,0
593,Mozzarella (1 oz melted),Dairy,80,6.0,1.0,6.0,0.0,0.5,150,20,Dinner,0
594,Basil (fresh garnish),Condiment,1,0.1,0.0,0.0,0.1,0.0,0,0,Dinner,0
595,Parmigiano-Reggiano (1 tbsp),Dairy,22,2.0,0.2,1.5,0.0,0.0,95,4,Dinner,0
596,Pesto (1/4 cup),Condiment,290,5.0,4.0,29.0,2.0,1.0,600,5,Dinner,0
597,Pine Nuts (1 tbsp in pesto),Nut,95,2.0,2.0,10.0,0.5,0.5,0,0,Dinner,0
598,Garlic (1/2 clove in pesto),Vegetable,2,0.1,0.5,0.0,0.0,0.0,0,0,Dinner,0
599,Trofie Pasta (1 cup cooked),Grain,210,7.0,43.0,1.0,2.0,1.0,5,0,Dinner,0
600,Green Beans (1/2 cup w/ pasta),Vegetable,15,0.9,3.5,0.1,1.3,1.6,3,0,Dinner,0
601,Potato (1/2 w/ pasta),Vegetable,65,1.0,15.0,0.1,1.0,0.5,3,0,Dinner,0
602,Espresso Martini (1 drink),Beverage,280,0.5,25.0,0.0,0.0,25.0,5,0,Snack,120
603,Vodka (1.5 oz),Beverage,97,0.0,0.0,0.0,0.0,0.0,0,0,Snack,0
604,Coffee Liqueur (1 oz),Beverage,100,0.0,15.0,0.0,0.0,15.0,2,0,Snack,0
605,Espresso (1 oz in drink),Beverage,3,0.3,0.0,0.1,0.0,0.0,1,0,Snack,0
606,Simple Syrup (1/2 oz),Condiment,30,0.0,8.0,0.0,0.0,8.0,0,0,Snack,0
607,Coffee Beans (3 garnish),Snack,2,0.1,0.3,0.0,0.1,0.0,0,0,Snack,0
608,Baba Ganoush (1/4 cup),Meal/Vegetable,100,2.0,8.0,7.0,4.0,2.0,300,0,Snack,0
609,Pita Bread (1 white),Grain,165,5.5,33.0,1.2,1.5,1.5,310,0,Snack,0
610,Falafel (3 pieces),Meal/Vegetarian,180,6.0,18.0,9.0,4.0,1.0,320,0,Lunch,0
611,Tahini Sauce (1 tbsp),Condiment,30,1.0,1.5,2.5,0.5,0.0,45,0,Lunch,0
612,Pickled Turnips (2 tbsp),Vegetable,10,0.2,2.0,0.0,0.5,1.0,200,0,Lunch,0
613,Shawarma (Chicken 1 wrap),Meal/Processed,550,30.0,50.0,25.0,6.0,5.0,1100,80,Lunch,250
614,Garlic Sauce (1 tbsp),Condiment,90,0.1,1.0,10.0,0.0,0.5,80,5,Lunch,0
615,Hummus (1/4 cup),Legume,130,5.0,10.0,8.0,4.0,1.0,250,0,Lunch,0
616,Tabouli (1/2 cup),Meal/Vegetarian,120,3.0,15.0,6.0,4.0,2.0,300,0,Lunch,0
617,Bulgur (1/4 cup in tabouli),Grain,76,2.7,16.8,0.2,4.1,0.1,4,0,Lunch,0
618,Parsley (1/4 cup in tabouli),Vegetable,5,0.3,1.0,0.1,0.5,0.1,5,0,Lunch,0
619,Mint (1 tbsp in tabouli),Condiment,1,0.1,0.1,0.0,0.1,0.0,0,0,Lunch,0
620,Lemon Juice (1 tbsp dressing),Condiment,4,0.1,1.3,0.0,0.1,0.2,0,0,Lunch,0
621,Olive Oil (1 tbsp dressing),Condiment,120,0.0,0.0,14.0,0.0,0.0,0,0,Lunch,0
622,Kibbeh (1 piece fried),Meal/Meat,230,9.0,20.0,13.0,3.0,1.0,450,30,Snack,0
623,Pine Nuts (1/2 tbsp filling),Nut,48,1.0,1.0,5.0,0.2,0.2,0,0,Snack,0
624,Ground Lamb (1 oz filling),Protein/Meat,80,5.5,0.0,6.0,0.0,0.0,20,20,Snack,0
625,Bulgur (1 tbsp shell),Grain,15,0.5,3.4,0.0,0.8,0.0,1,0,Snack,0
626,Lentil Soup (1 cup Middle Eastern),Meal/Legume,200,10.0,30.0,5.0,10.0,4.0,700,0,Lunch,250
627,Cumin (1 tsp),Condiment,8,0.3,1.5,0.5,0.4,0.1,3,0,Lunch,0
628,Coriander (1 tsp),Condiment,5,0.1,1.0,0.2,0.5,0.0,1,0,Lunch,0
629,Lemon Juice (1 tsp in soup),Condiment,1,0.0,0.4,0.0,0.0,0.1,0,0,Lunch,0
630,Pita Crisps (1 oz),Snack/Processed,130,3.0,18.0,5.0,2.0,1.0,240,0,Lunch,0
631,Manakeesh (Za'atar 1 small),Meal/Vegetarian,300,7.0,45.0,10.0,4.0,2.0,500,0,Breakfast,0
632,Za'atar (1 tbsp),Condiment,40,1.0,3.0,3.0,1.5,0.0,150,0,Breakfast,0
633,Olive Oil (1 tbsp on bread),Condiment,120,0.0,0.0,14.0,0.0,0.0,0,0,Breakfast,0
634,Labneh (2 tbsp),Dairy,60,4.0,2.0,4.0,0.0,2.0,80,15,Breakfast,0
635,Cucumber (1/4 cup side),Vegetable,8,0.3,1.8,0.0,0.2,0.8,1,0,Breakfast,0
636,Tomato (1/4 cup side),Vegetable,8,0.3,1.8,0.1,0.5,1.2,2,0,Breakfast,0
637,Olives (5 side),Fruit,35,0.2,1.0,3.5,0.5,0.0,210,0,Breakfast,0
638,Mint Tea (1 cup),Beverage,2,0.1,0.5,0.0,0.0,0.0,5,0,Breakfast,240
639,Stuffed Grape Leaves (3 pcs),Meal/Vegetarian,150,3.0,20.0,7.0,3.0,3.0,400,0,Snack,0
640,Rice (1/4 cup filling),Grain,51,1.1,11.1,0.1,0.1,0.0,0,0,Snack,0
641,Turkish Coffee (1 small cup),Beverage,5,0.2,0.5,0.0,0.0,0.0,1,0,Snack,60
642,Cardamom (in coffee),Condiment,1,0.0,0.2,0.0,0.1,0.0,0,0,Snack,0
643,Shish Tawook (2 skewers),Meal/Meat,300,35.0,5.0,16.0,1.0,2.0,600,100,Dinner,0
644,Garlic Sauce (Toum 1 tbsp),Condiment,90,0.1,1.0,10.0,0.0,0.5,80,5,Dinner,0
645,French Fries (side),Vegetable/Processed,340,4.0,44.0,17.0,4.0,0.3,230,0,Dinner,0
646,Pickled Cucumber (1/4 cup),Vegetable,10,0.5,2.0,0.0,1.0,1.0,300,0,Dinner,0
647,Fattoush Salad (1.5 cups),Meal/Vegetarian,250,5.0,25.0,15.0,6.0,5.0,500,0,Lunch,0
648,Fried Pita (1/2 pita in salad),Grain,80,2.0,12.0,3.0,1.0,0.5,150,0,Lunch,0
649,Sumac (1/2 tsp dressing),Condiment,5,0.1,1.0,0.2,0.5,0.0,1,0,Lunch,0
650,Pomegranate Molasses (1 tsp),Condiment,15,0.0,4.0,0.0,0.0,4.0,0,0,Lunch,0